"","Project","Sample.ID","Sample.Name","File.Name","C.CT.mean","D.CT.mean","C.CT.sd","D.CT.sd","C.reps","D.reps","C.D","fail","propC","propD","syms","dom"
"473","PMNM",2,"PMNM_2","Wall_PMNM_CD_plate14.txt",36.73133,0,0.729592776828283,NA,2,0,1,FALSE,1,NA,"C","C"
"85","PMNM",3,"PMNM_3","Kelly_PMNM_plate12.txt",28.48333,0,0.202939646200538,NA,2,0,1,FALSE,1,NA,"C","C"
"43","PMNM",4,"PMNM_4","Kelly_PMNM_plate10.txt",23.42058,0,0.0139300035893752,NA,2,0,1,FALSE,1,NA,"C","C"
"181","PMNM",4,"PMNM_4","Kelly_PMNM_plate3.txt",22.70023,0,0.213121983849626,NA,2,0,1,FALSE,1,NA,"C","C"
"225","PMNM",5,"PMNM_5","Kelly_PMNM_plate4.txt",30.14883,0,0.317349523396522,NA,2,0,1,FALSE,1,NA,"C","C"
"273","PMNM",6,"PMNM_6","Kelly_PMNM_plate5.txt",27.05748,0,0.385868170493499,NA,2,0,1,FALSE,1,NA,"C","C"
"319","PMNM",7,"PMNM_7","Kelly_PMNM_plate6.txt",25.68083,0,0.0487903679018711,NA,2,0,1,FALSE,1,NA,"C","C"
"365","PMNM",8,"PMNM_8","Kelly_PMNM_plate7.txt",24.55063,0,0.108328758877778,NA,2,0,1,FALSE,1,NA,"C","C"
"411","PMNM",9,"PMNM_9","Kelly_PMNM_plate8.txt",24.47018,0,0.151108719139567,NA,2,0,1,FALSE,1,NA,"C","C"
"415","PMNM",10,"PMNM_10","Kelly_PMNM_plate9.txt",31.86193,0,0.406869241894741,NA,2,0,1,FALSE,1,NA,"C","C"
"74","PMNM",11,"PMNM_11","Kelly_PMNM_plate12.txt",28.06508,0,0.133572470966139,NA,2,0,1,FALSE,1,NA,"C","C"
"465","PMNM",12,"PMNM_12","Wall_PMNM_CD_plate14.txt",25.34528,0,0.357866741958512,NA,2,0,1,FALSE,1,NA,"C","C"
"11","PMNM",13,"PMNM_13","Kelly_PMNM_plate10.txt",24.31048,0,0.126218560441798,NA,2,0,1,FALSE,1,NA,"C","C"
"149","PMNM",14,"PMNM_14","Kelly_PMNM_plate3.txt",27.85918,0,0.0143542676580861,NA,2,0,1,FALSE,1,NA,"C","C"
"198","PMNM",15,"PMNM_15","Kelly_PMNM_plate4.txt",33.99358,0,1.53307821229056,NA,2,0,1,FALSE,1,NA,"C","C"
"506","PMNM",15,"PMNM_15","Wall_PMNM_CD_plate15.txt",36.48308,0,0.919168104864394,NA,2,0,1,FALSE,1,NA,"C","C"
"287","PMNM",16,"PMNM_16","Kelly_PMNM_plate6.txt",26.85578,0,0.442295291632187,NA,2,0,1,FALSE,1,NA,"C","C"
"289","PMNM",17,"PMNM_17","Kelly_PMNM_plate6.txt",31.11188,0,0.000919238815542882,NA,2,0,1,FALSE,1,NA,"C","C"
"334","PMNM",18,"PMNM_18","Kelly_PMNM_plate7.txt",27.31113,0,0.111722871427475,NA,2,0,1,FALSE,1,NA,"C","C"
"380","PMNM",19,"PMNM_19","Kelly_PMNM_plate8.txt",31.38363,0,0.306035814897538,NA,2,0,1,FALSE,1,NA,"C","C"
"428","PMNM",20,"PMNM_20","Kelly_PMNM_plate9.txt",26.57543,0,0.0521844804515687,NA,2,0,1,FALSE,1,NA,"C","C"
"475","PMNM",21,"PMNM_21","Wall_PMNM_CD_plate14.txt",28.96278,0,0.0132228968081903,NA,2,0,1,FALSE,1,NA,"C","C"
"17","PMNM",22,"PMNM_22","Kelly_PMNM_plate10.txt",32.47058,0,0.260286006154767,NA,2,0,1,FALSE,1,NA,"C","C"
"160","PMNM",23,"PMNM_23","Kelly_PMNM_plate3.txt",23.86538,0,0.304268047944571,NA,2,0,1,FALSE,1,NA,"C","C"
"19","PMNM",24,"PMNM_24","Kelly_PMNM_plate10.txt",23.93658,0,0.117450436355086,NA,2,0,1,FALSE,1,NA,"C","C"
"162","PMNM",24,"PMNM_24","Kelly_PMNM_plate3.txt",23.33083,0,0.0806101730552645,NA,2,0,1,FALSE,1,NA,"C","C"
"211","PMNM",25,"PMNM_25","Kelly_PMNM_plate4.txt",28.50443,0,0.263043722601396,NA,2,0,1,FALSE,1,NA,"C","C"
"300","PMNM",26,"PMNM_26","Kelly_PMNM_plate6.txt",26.90658,0,0.0389615836433784,NA,2,0,1,FALSE,1,NA,"C","C"
"345","PMNM",27,"PMNM_27","Kelly_PMNM_plate7.txt",25.75878,0,0.122117341110916,NA,2,0,1,FALSE,1,NA,"C","C"
"21","PMNM",28,"PMNM_28","Kelly_PMNM_plate10.txt",30.26628,27.868,0.154927095757976,0.152735064736293,2,2,0.0172445988790958,FALSE,0.0169522638882503,0.98304773611175,"DC","D"
"54","PMNM",28,"PMNM_28","Kelly_PMNM_plate11.txt",31.56623,32.71525,0.851497985904841,1.79272782234225,2,2,0.201602911809166,FALSE,0.167778314972312,0.832221685027687,"DC","D"
"347","PMNM",28,"PMNM_28","Kelly_PMNM_plate7.txt",31.52193,28.0361,0.548290598132047,0.299530432510622,2,2,0.00811461510498829,FALSE,0.00804929814864673,0.991950701851353,"DC","D"
"509","PMNM",28,"PMNM_28","Wall_PMNM_CD_plate15.txt",35.27708,0,0.876458855280725,NA,2,0,1,FALSE,1,NA,"C","C"
"392","PMNM",29,"PMNM_29","Kelly_PMNM_plate8.txt",24.81198,0,0.0205768073325283,NA,2,0,1,FALSE,1,NA,"C","C"
"439","PMNM",30,"PMNM_30","Kelly_PMNM_plate9.txt",30.19608,0,1.80757706474717,NA,2,0,1,FALSE,1,NA,"C","C"
"485","PMNM",30,"PMNM_30","Wall_PMNM_CD_plate14.txt",36.08873,0,1.27307504884826,NA,2,0,1,FALSE,1,NA,"C","C"
"27","PMNM",31,"PMNM_31","Kelly_PMNM_plate10.txt",23.36943,0,0.348745064481204,NA,2,0,1,FALSE,1,NA,"C","C"
"32","PMNM",32,"PMNM_32","Kelly_PMNM_plate10.txt",24.38633,0,0.457356666071461,NA,2,0,1,FALSE,1,NA,"C","C"
"87","PMNM",32,"PMNM_32","Kelly_PMNM_plate12.txt",25.48638,0,0.153230039483124,NA,2,0,1,FALSE,1,NA,"C","C"
"174","PMNM",33,"PMNM_33","Kelly_PMNM_plate3.txt",22.95363,0,0.0548714862200763,NA,2,0,1,FALSE,1,NA,"C","C"
"219","PMNM",34,"PMNM_34","Kelly_PMNM_plate4.txt",27.98938,0,0.36522065248285,NA,2,0,1,FALSE,1,NA,"C","C"
"220","PMNM",35,"PMNM_35","Kelly_PMNM_plate4.txt",23.89058,0,1.05719534855201,NA,2,0,1,FALSE,1,NA,"C","C"
"491","PMNM",35,"PMNM_35","Wall_PMNM_CD_plate14.txt",24.10613,0,0.643184328167284,NA,2,0,1,FALSE,1,NA,"C","C"
"311","PMNM",36,"PMNM_36","Kelly_PMNM_plate6.txt",25.77363,0,0.261629509039023,NA,2,0,1,FALSE,1,NA,"C","C"
"357","PMNM",37,"PMNM_37","Kelly_PMNM_plate7.txt",32.97123,0,0.0714177848998407,NA,2,0,1,FALSE,1,NA,"C","C"
"404","PMNM",38,"PMNM_38","Kelly_PMNM_plate8.txt",24.28923,0,0.0916410388417765,NA,2,0,1,FALSE,1,NA,"C","C"
"406","PMNM",39,"PMNM_39","Kelly_PMNM_plate8.txt",25.07573,0,0.269407683632075,NA,2,0,1,FALSE,1,NA,"C","C"
"451","PMNM",40,"PMNM_40","Kelly_PMNM_plate9.txt",24.04973,0,0.271670425331871,NA,2,0,1,FALSE,1,NA,"C","C"
"498","PMNM",41,"PMNM_41","Wall_PMNM_CD_plate14.txt",29.86903,0,0.0492146319705846,NA,2,0,1,FALSE,1,NA,"C","C"
"93","PMNM",42,"PMNM_42","Kelly_PMNM_plate12.txt",28.33348,0,0.49193418767148,NA,2,0,1,FALSE,1,NA,"C","C"
"182","PMNM",43,"PMNM_43","Kelly_PMNM_plate3.txt",25.89623,0,0.274074588387905,NA,2,0,1,FALSE,1,NA,"C","C"
"224","PMNM",44,"PMNM_44","Kelly_PMNM_plate4.txt",26.10398,0,0.0846406817080284,NA,2,0,1,FALSE,1,NA,"C","C"
"271","PMNM",45,"PMNM_45","Kelly_PMNM_plate5.txt",28.76888,0,0.593050457381157,NA,2,0,1,FALSE,1,NA,"C","C"
"316","PMNM",46,"PMNM_46","Kelly_PMNM_plate6.txt",25.44358,0,0.0229809703885645,NA,2,0,1,FALSE,1,NA,"C","C"
"361","PMNM",47,"PMNM_47","Kelly_PMNM_plate7.txt",23.59048,0,0.299459721832503,NA,2,0,1,FALSE,1,NA,"C","C"
"408","PMNM",48,"PMNM_48","Kelly_PMNM_plate8.txt",23.60688,0,0.160301107294989,NA,2,0,1,FALSE,1,NA,"C","C"
"452","PMNM",49,"PMNM_49","Kelly_PMNM_plate9.txt",26.04553,0,0.0220617315730191,NA,2,0,1,FALSE,1,NA,"C","C"
"453","PMNM",50,"PMNM_50","Kelly_PMNM_plate9.txt",29.89663,0,0.0188090403795585,NA,2,0,1,FALSE,1,NA,"C","C"
"499","PMNM",51,"PMNM_51","Wall_PMNM_CD_plate14.txt",25.12268,0,0.251942146136765,NA,2,0,1,FALSE,1,NA,"C","C"
"500","PMNM",52,"PMNM_52","Wall_PMNM_CD_plate14.txt",28.87638,0,0.531107903349214,NA,2,0,1,FALSE,1,NA,"C","C"
"183","PMNM",53,"PMNM_53","Kelly_PMNM_plate3.txt",22.50493,0,0.0601040764008571,NA,2,0,1,FALSE,1,NA,"C","C"
"226","PMNM",54,"PMNM_54","Kelly_PMNM_plate4.txt",29.92343,0,0.657326463791015,NA,2,0,1,FALSE,1,NA,"C","C"
"317","PMNM",56,"PMNM_56","Kelly_PMNM_plate6.txt",32.07158,0,0.604929851305091,NA,2,0,1,FALSE,1,NA,"C","C"
"362","PMNM",57,"PMNM_57","Kelly_PMNM_plate7.txt",23.63653,0,0.252578542239836,NA,2,0,1,FALSE,1,NA,"C","C"
"409","PMNM",58,"PMNM_58","Kelly_PMNM_plate8.txt",27.43128,0,0.080256619664672,NA,2,0,1,FALSE,1,NA,"C","C"
"454","PMNM",59,"PMNM_59","Kelly_PMNM_plate9.txt",29.85213,0,0.873135453409149,NA,2,0,1,FALSE,1,NA,"C","C"
"455","PMNM",60,"PMNM_60","Kelly_PMNM_plate9.txt",23.39213,0,0.0289913780286487,NA,2,0,1,FALSE,1,NA,"C","C"
"227","PMNM",61,"PMNM_61","Kelly_PMNM_plate4.txt",25.33223,0,0.0526087445202771,NA,2,0,1,FALSE,1,NA,"C","C"
"501","PMNM",62,"PMNM_62","Wall_PMNM_CD_plate14.txt",33.04738,0,1.72385562185468,NA,2,0,1,FALSE,1,NA,"C","C"
"45","PMNM",63,"PMNM_63","Kelly_PMNM_plate10.txt",24.01648,0,0.0166170093578853,NA,2,0,1,FALSE,1,NA,"C","C"
"184","PMNM",63,"PMNM_63","Kelly_PMNM_plate3.txt",23.35208,0,0.152381511345703,NA,2,0,1,FALSE,1,NA,"C","C"
"228","PMNM",64,"PMNM_64","Kelly_PMNM_plate4.txt",25.77353,0,0.491580634280888,NA,2,0,1,FALSE,1,NA,"C","C"
"274","PMNM",65,"PMNM_65","Kelly_PMNM_plate5.txt",27.44343,0,0.342381103450527,NA,2,0,1,FALSE,1,NA,"C","C"
"318","PMNM",66,"PMNM_66","Kelly_PMNM_plate6.txt",25.28563,0,0.237587878478681,NA,2,0,1,FALSE,1,NA,"C","C"
"363","PMNM",67,"PMNM_67","Kelly_PMNM_plate7.txt",25.72618,0,0.0932673844385068,NA,2,0,1,FALSE,1,NA,"C","C"
"410","PMNM",68,"PMNM_68","Kelly_PMNM_plate8.txt",23.65718,0,0.257033314961309,NA,2,0,1,FALSE,1,NA,"C","C"
"456","PMNM",69,"PMNM_69","Kelly_PMNM_plate9.txt",26.75933,0,0.109460129727679,NA,2,0,1,FALSE,1,NA,"C","C"
"46","PMNM",70,"PMNM_70","Kelly_PMNM_plate10.txt",28.54948,0,0.0474468650176173,NA,2,0,1,FALSE,1,NA,"C","C"
"140","PMNM",71,"PMNM_71","Kelly_PMNM_plate2.txt",25.09088,0,0.426597521089842,NA,2,0,1,FALSE,1,NA,"C","C"
"47","PMNM",72,"PMNM_72","Kelly_PMNM_plate10.txt",23.39723,0,0.216374675043084,NA,2,0,1,FALSE,1,NA,"C","C"
"69","PMNM",72,"PMNM_72","Kelly_PMNM_plate11.txt",22.29683,0,0.304055915910215,NA,2,0,1,FALSE,1,NA,"C","C"
"229","PMNM",72,"PMNM_72","Kelly_PMNM_plate4.txt",24.01428,0,0.350937095502882,NA,2,1,1,FALSE,1,NA,"C","C"
"48","PMNM",73,"PMNM_73","Kelly_PMNM_plate10.txt",24.48053,0,0.00636396103067917,NA,2,0,1,FALSE,1,NA,"C","C"
"185","PMNM",73,"PMNM_73","Kelly_PMNM_plate3.txt",23.67983,0,0.0523259018078032,NA,2,0,1,FALSE,1,NA,"C","C"
"230","PMNM",74,"PMNM_74","Kelly_PMNM_plate4.txt",27.10973,0,0.97495882990001,NA,2,0,1,FALSE,1,NA,"C","C"
"275","PMNM",75,"PMNM_75","Kelly_PMNM_plate5.txt",31.53278,0,0.602242845536583,NA,2,0,1,FALSE,1,NA,"C","C"
"320","PMNM",76,"PMNM_76","Kelly_PMNM_plate6.txt",26.26913,0,0.0291327993848857,NA,2,0,1,FALSE,1,NA,"C","C"
"364","PMNM",77,"PMNM_77","Kelly_PMNM_plate7.txt",25.30773,0,0.0113137084989835,NA,2,0,1,FALSE,1,NA,"C","C"
"457","PMNM",79,"PMNM_79","Kelly_PMNM_plate9.txt",25.11248,0,0.0195868578388669,NA,2,0,1,FALSE,1,NA,"C","C"
"49","PMNM",80,"PMNM_80","Kelly_PMNM_plate10.txt",24.87063,0,0.28015570670611,NA,2,0,1,FALSE,1,NA,"C","C"
"50","PMNM",82,"PMNM_82","Kelly_PMNM_plate10.txt",24.40673,0,0.161078924754297,NA,2,0,1,FALSE,1,NA,"C","C"
"70","PMNM",82,"PMNM_82","Kelly_PMNM_plate11.txt",23.24803,0,0.185969083452063,NA,2,0,1,FALSE,1,NA,"C","C"
"231","PMNM",82,"PMNM_82","Kelly_PMNM_plate4.txt",29.10088,0,5.78590123705893,NA,2,0,1,FALSE,1,NA,"C","C"
"141","PMNM",91,"PMNM_91","Kelly_PMNM_plate2.txt",36.62393,0,0.0971564717350313,NA,2,0,1,FALSE,1,NA,"C","C"
"502","PMNM",92,"PMNM_92","Wall_PMNM_CD_plate14.txt",31.55098,0,0.207252997565779,NA,2,0,1,FALSE,1,NA,"C","C"
"186","PMNM",93,"PMNM_93","Kelly_PMNM_plate3.txt",24.65908,0,0.263255854635751,NA,2,0,1,FALSE,1,NA,"C","C"
"232","PMNM",94,"PMNM_94","Kelly_PMNM_plate4.txt",27.16803,0,0.178332330215249,NA,2,0,1,FALSE,1,NA,"C","C"
"276","PMNM",95,"PMNM_95","Kelly_PMNM_plate5.txt",25.17978,0,0.178120198180893,NA,2,0,1,FALSE,1,NA,"C","C"
"321","PMNM",96,"PMNM_96","Kelly_PMNM_plate6.txt",24.95093,0,0.154997806436092,NA,2,0,1,FALSE,1,NA,"C","C"
"366","PMNM",97,"PMNM_97","Kelly_PMNM_plate7.txt",27.03323,0,1.59367726343824,NA,2,0,1,FALSE,1,NA,"C","C"
"503","PMNM",97,"PMNM_97","Wall_PMNM_CD_plate14.txt",28.84708,0,0.184342737855333,NA,2,0,1,FALSE,1,NA,"C","C"
"412","PMNM",98,"PMNM_98","Kelly_PMNM_plate8.txt",23.56598,0,0.217293913858627,NA,2,0,1,FALSE,1,NA,"C","C"
"458","PMNM",99,"PMNM_99","Kelly_PMNM_plate9.txt",25.71578,0,0.0771453498274509,NA,2,0,1,FALSE,1,NA,"C","C"
"7","PMNM",100,"PMNM_100","Kelly_PMNM_plate10.txt",25.98033,0,0.669630121783662,NA,2,0,1,FALSE,1,NA,"C","C"
"462","PMNM",102,"PMNM_102","Wall_PMNM_CD_plate14.txt",27.77903,0,0.565119739524288,NA,2,0,1,FALSE,1,NA,"C","C"
"144","PMNM",103,"PMNM_103","Kelly_PMNM_plate3.txt",24.28173,0,0.0237587878478679,NA,2,0,1,FALSE,1,NA,"C","C"
"8","PMNM",104,"PMNM_104","Kelly_PMNM_plate10.txt",28.59218,0,0.495045457508701,NA,2,0,1,FALSE,1,NA,"C","C"
"145","PMNM",104,"PMNM_104","Kelly_PMNM_plate3.txt",29.05128,0,1.17825202949115,NA,2,0,1,FALSE,1,NA,"C","C"
"191","PMNM",105,"PMNM_105","Kelly_PMNM_plate4.txt",25.95648,0,0.261983062429616,NA,2,0,1,FALSE,1,NA,"C","C"
"235","PMNM",106,"PMNM_106","Kelly_PMNM_plate5.txt",27.74443,0,1.05684179516142,NA,2,0,1,FALSE,1,NA,"C","C"
"463","PMNM",106,"PMNM_106","Wall_PMNM_CD_plate14.txt",29.40243,0,1.13165369261095,NA,2,0,1,FALSE,1,NA,"C","C"
"9","PMNM",107,"PMNM_107","Kelly_PMNM_plate10.txt",25.01023,0,0.0076367532368145,NA,2,0,1,FALSE,1,NA,"C","C"
"53","PMNM",107,"PMNM_107","Kelly_PMNM_plate11.txt",23.61763,0,0.105076067684322,NA,2,0,1,FALSE,1,NA,"C","C"
"280","PMNM",107,"PMNM_107","Kelly_PMNM_plate6.txt",26.39618,0,0.295358502501621,NA,2,0,1,FALSE,1,NA,"C","C"
"325","PMNM",108,"PMNM_108","Kelly_PMNM_plate7.txt",28.76608,0,0.31544033508732,NA,2,0,1,FALSE,1,NA,"C","C"
"416","PMNM",110,"PMNM_110","Kelly_PMNM_plate9.txt",26.84553,0,0.0438406204335668,NA,2,0,1,FALSE,1,NA,"C","C"
"464","PMNM",111,"PMNM_111","Wall_PMNM_CD_plate14.txt",30.67363,0,1.40883955083608,NA,2,0,1,FALSE,1,NA,"C","C"
"99","PMNM",112,"PMNM_112","Kelly_PMNM_plate2.txt",27.49053,0,0.485640937318919,NA,2,0,1,FALSE,1,NA,"C","C"
"146","PMNM",113,"PMNM_113","Kelly_PMNM_plate3.txt",23.05383,0,0.030405591591021,NA,2,0,1,FALSE,1,NA,"C","C"
"192","PMNM",114,"PMNM_114","Kelly_PMNM_plate4.txt",26.90198,0,0.332552319192034,NA,2,0,1,FALSE,1,NA,"C","C"
"193","PMNM",115,"PMNM_115","Kelly_PMNM_plate4.txt",24.69263,0,0.205485230612812,NA,2,0,1,FALSE,1,NA,"C","C"
"281","PMNM",116,"PMNM_116","Kelly_PMNM_plate6.txt",25.84188,0,0.064700270478569,NA,2,0,1,FALSE,1,NA,"C","C"
"282","PMNM",117,"PMNM_117","Kelly_PMNM_plate6.txt",27.92668,0,0.251093617999343,NA,2,0,1,FALSE,1,NA,"C","C"
"326","PMNM",118,"PMNM_118","Kelly_PMNM_plate7.txt",23.62848,0,0.0721956023591466,NA,2,0,1,FALSE,1,NA,"C","C"
"371","PMNM",119,"PMNM_119","Kelly_PMNM_plate8.txt",26.24928,0,0.508339064995007,NA,2,0,1,FALSE,1,NA,"C","C"
"417","PMNM",120,"PMNM_120","Kelly_PMNM_plate9.txt",26.20258,0,0.0898732718888118,NA,2,0,1,FALSE,1,NA,"C","C"
"466","PMNM",121,"PMNM_121","Wall_PMNM_CD_plate14.txt",24.82678,0,0.471852355085784,NA,2,0,1,FALSE,1,NA,"C","C"
"75","PMNM",122,"PMNM_122","Kelly_PMNM_plate12.txt",25.02343,0,0.0162634559672904,NA,2,0,1,FALSE,1,NA,"C","C"
"10","PMNM",123,"PMNM_123","Kelly_PMNM_plate10.txt",26.63463,0,0.262902301245159,NA,2,0,1,FALSE,1,NA,"C","C"
"147","PMNM",123,"PMNM_123","Kelly_PMNM_plate3.txt",26.35533,0,0.292600786054995,NA,2,1,1,FALSE,1,NA,"C","C"
"194","PMNM",124,"PMNM_124","Kelly_PMNM_plate4.txt",27.38773,0,0.591141269071955,NA,2,0,1,FALSE,1,NA,"C","C"
"195","PMNM",125,"PMNM_125","Kelly_PMNM_plate4.txt",26.69503,0,0.258518239201802,NA,2,0,1,FALSE,1,NA,"C","C"
"283","PMNM",126,"PMNM_126","Kelly_PMNM_plate6.txt",26.64143,0,0.105924595821744,NA,2,0,1,FALSE,1,NA,"C","C"
"327","PMNM",127,"PMNM_127","Kelly_PMNM_plate7.txt",25.27353,0,0.259649610051701,NA,2,0,1,FALSE,1,NA,"C","C"
"328","PMNM",128,"PMNM_128","Kelly_PMNM_plate7.txt",25.14313,0,0.291045151136383,NA,2,0,1,FALSE,1,NA,"C","C"
"372","PMNM",129,"PMNM_129","Kelly_PMNM_plate8.txt",24.64513,0,0.124309372132594,NA,2,0,1,FALSE,1,NA,"C","C"
"418","PMNM",130,"PMNM_130","Kelly_PMNM_plate9.txt",24.54788,0,0.00176776695296476,NA,2,0,1,FALSE,1,NA,"C","C"
"467","PMNM",131,"PMNM_131","Wall_PMNM_CD_plate14.txt",25.19948,0,0.205414519934691,NA,2,0,1,FALSE,1,NA,"C","C"
"101","PMNM",132,"PMNM_132","Kelly_PMNM_plate2.txt",25.04188,0,0.333966532754404,NA,2,0,1,FALSE,1,NA,"C","C"
"148","PMNM",133,"PMNM_133","Kelly_PMNM_plate3.txt",22.88443,0,0.112854242277374,NA,2,0,1,FALSE,1,NA,"C","C"
"196","PMNM",134,"PMNM_134","Kelly_PMNM_plate4.txt",26.19798,0,0.272589664147414,NA,2,0,1,FALSE,1,NA,"C","C"
"236","PMNM",135,"PMNM_135","Kelly_PMNM_plate5.txt",24.71598,0,0.0939744912196917,NA,2,0,1,FALSE,1,NA,"C","C"
"284","PMNM",136,"PMNM_136","Kelly_PMNM_plate6.txt",26.06658,0,0.523895414181113,NA,2,0,1,FALSE,1,NA,"C","C"
"329","PMNM",137,"PMNM_137","Kelly_PMNM_plate7.txt",24.05373,0,0.212556298424676,NA,2,0,1,FALSE,1,NA,"C","C"
"373","PMNM",138,"PMNM_138","Kelly_PMNM_plate8.txt",24.67178,0,0.569715933602002,NA,2,0,1,FALSE,1,NA,"C","C"
"374","PMNM",139,"PMNM_139","Kelly_PMNM_plate8.txt",23.94798,0,0.0361331565186338,NA,2,0,1,FALSE,1,NA,"C","C"
"419","PMNM",140,"PMNM_140","Kelly_PMNM_plate9.txt",24.52638,0,0.171049130369027,NA,2,0,1,FALSE,1,NA,"C","C"
"12","PMNM",141,"PMNM_141","Kelly_PMNM_plate10.txt",23.40988,0,0.596868833999565,NA,2,0,1,FALSE,1,NA,"C","C"
"76","PMNM",141,"PMNM_141","Kelly_PMNM_plate12.txt",23.64618,0,0.0245366053071738,NA,2,0,1,FALSE,1,NA,"C","C"
"103","PMNM",142,"PMNM_142","Kelly_PMNM_plate2.txt",23.90973,0,0.262336615820208,NA,2,0,1,FALSE,1,NA,"C","C"
"150","PMNM",143,"PMNM_143","Kelly_PMNM_plate3.txt",26.07223,0,0.410263354444436,NA,2,0,1,FALSE,1,NA,"C","C"
"197","PMNM",144,"PMNM_144","Kelly_PMNM_plate4.txt",25.59093,0,0.436002041279626,NA,2,0,1,FALSE,1,NA,"C","C"
"237","PMNM",145,"PMNM_145","Kelly_PMNM_plate5.txt",26.24818,0,0.267922759391581,NA,2,0,1,FALSE,1,NA,"C","C"
"285","PMNM",146,"PMNM_146","Kelly_PMNM_plate6.txt",25.59563,0,0.33743135598222,NA,2,0,1,FALSE,1,NA,"C","C"
"330","PMNM",147,"PMNM_147","Kelly_PMNM_plate7.txt",25.90218,0,0.0432042243304979,NA,2,0,1,FALSE,1,NA,"C","C"
"375","PMNM",148,"PMNM_148","Kelly_PMNM_plate8.txt",23.58443,0,0.0166877200360013,NA,2,0,1,FALSE,1,NA,"C","C"
"420","PMNM",149,"PMNM_149","Kelly_PMNM_plate9.txt",27.46078,0,0.192403755160861,NA,2,0,1,FALSE,1,NA,"C","C"
"421","PMNM",150,"PMNM_150","Kelly_PMNM_plate9.txt",23.09978,0,0.195515024998079,NA,2,0,1,FALSE,1,NA,"C","C"
"77","PMNM",151,"PMNM_151","Kelly_PMNM_plate12.txt",32.15438,0,0.975736647359316,NA,2,0,1,FALSE,1,NA,"C","C"
"104","PMNM",152,"PMNM_152","Kelly_PMNM_plate2.txt",25.36483,0,0.156553441354701,NA,2,0,1,FALSE,1,NA,"C","C"
"151","PMNM",153,"PMNM_153","Kelly_PMNM_plate3.txt",22.78408,0,0.0385373195746675,NA,2,0,1,FALSE,1,NA,"C","C"
"199","PMNM",154,"PMNM_154","Kelly_PMNM_plate4.txt",28.94218,0,0.00968736290225573,NA,2,0,1,FALSE,1,NA,"C","C"
"238","PMNM",155,"PMNM_155","Kelly_PMNM_plate5.txt",25.69138,0,0.142623437765328,NA,2,0,1,FALSE,1,NA,"C","C"
"286","PMNM",156,"PMNM_156","Kelly_PMNM_plate6.txt",24.73378,0,0.145876128958784,NA,2,0,1,FALSE,1,NA,"C","C"
"331","PMNM",157,"PMNM_157","Kelly_PMNM_plate7.txt",22.68998,0,0.140219274709292,NA,2,0,1,FALSE,1,NA,"C","C"
"376","PMNM",158,"PMNM_158","Kelly_PMNM_plate8.txt",22.77678,0,0.0412243253431776,NA,2,0,1,FALSE,1,NA,"C","C"
"422","PMNM",159,"PMNM_159","Kelly_PMNM_plate9.txt",26.13723,0,0.329936024101643,NA,2,0,1,FALSE,1,NA,"C","C"
"423","PMNM",160,"PMNM_160","Kelly_PMNM_plate9.txt",23.47753,0,0.706965359830311,NA,2,0,1,FALSE,1,NA,"C","C"
"78","PMNM",161,"PMNM_161","Kelly_PMNM_plate12.txt",22.53483,0,0.0937623591853362,NA,2,0,1,FALSE,1,NA,"C","C"
"105","PMNM",162,"PMNM_162","Kelly_PMNM_plate2.txt",27.34718,0,0.825405745679058,NA,2,0,1,FALSE,1,NA,"C","C"
"152","PMNM",163,"PMNM_163","Kelly_PMNM_plate3.txt",22.50298,0,0.275983776697109,NA,2,0,1,FALSE,1,NA,"C","C"
"200","PMNM",164,"PMNM_164","Kelly_PMNM_plate4.txt",26.35448,0,0.0758725576213181,NA,2,0,1,FALSE,1,NA,"C","C"
"239","PMNM",165,"PMNM_165","Kelly_PMNM_plate5.txt",26.92873,0,0.10776307345283,NA,2,0,1,FALSE,1,NA,"C","C"
"288","PMNM",166,"PMNM_166","Kelly_PMNM_plate6.txt",24.62718,0,0.0453255446740576,NA,2,0,1,FALSE,1,NA,"C","C"
"332","PMNM",167,"PMNM_167","Kelly_PMNM_plate7.txt",24.24048,0,0.038254476862191,NA,2,0,1,FALSE,1,NA,"C","C"
"377","PMNM",168,"PMNM_168","Kelly_PMNM_plate8.txt",22.42033,0,0.026445793616378,NA,2,0,1,FALSE,1,NA,"C","C"
"424","PMNM",169,"PMNM_169","Kelly_PMNM_plate9.txt",24.58788,0,0.174443242918722,NA,2,0,1,FALSE,1,NA,"C","C"
"13","PMNM",170,"PMNM_170","Kelly_PMNM_plate10.txt",26.46783,0,0.123319422638933,NA,2,0,1,FALSE,1,NA,"C","C"
"106","PMNM",172,"PMNM_172","Kelly_PMNM_plate2.txt",28.28683,0,1.08936870709599,NA,2,0,1,FALSE,1,NA,"C","C"
"470","PMNM",172,"PMNM_172","Wall_PMNM_CD_plate14.txt",29.75538,0,1.15223049994348,NA,2,0,1,FALSE,1,NA,"C","C"
"153","PMNM",173,"PMNM_173","Kelly_PMNM_plate3.txt",23.11963,0,0.0794788022053661,NA,2,0,1,FALSE,1,NA,"C","C"
"201","PMNM",174,"PMNM_174","Kelly_PMNM_plate4.txt",29.63713,0,0.121905209076561,NA,2,0,1,FALSE,1,NA,"C","C"
"240","PMNM",175,"PMNM_175","Kelly_PMNM_plate5.txt",26.14958,0,1.17047385489809,NA,2,0,1,FALSE,1,NA,"C","C"
"471","PMNM",175,"PMNM_175","Wall_PMNM_CD_plate14.txt",24.61118,0,1.11121830663466,NA,2,0,1,FALSE,1,NA,"C","C"
"290","PMNM",176,"PMNM_176","Kelly_PMNM_plate6.txt",26.70818,0,0.490378552752871,NA,2,0,1,FALSE,1,NA,"C","C"
"333","PMNM",177,"PMNM_177","Kelly_PMNM_plate7.txt",24.38028,0,0.306955053713081,NA,2,0,1,FALSE,1,NA,"C","C"
"378","PMNM",178,"PMNM_178","Kelly_PMNM_plate8.txt",23.19808,0,0.0788424061022997,NA,2,0,1,FALSE,1,NA,"C","C"
"425","PMNM",179,"PMNM_179","Kelly_PMNM_plate9.txt",24.76798,0,0.227334830151475,NA,2,0,1,FALSE,1,NA,"C","C"
"14","PMNM",180,"PMNM_180","Kelly_PMNM_plate10.txt",24.77528,0,0.365362073839089,NA,2,0,1,FALSE,1,NA,"C","C"
"79","PMNM",181,"PMNM_181","Kelly_PMNM_plate12.txt",24.63008,0,0.284044794002635,NA,2,0,1,FALSE,1,NA,"C","C"
"107","PMNM",182,"PMNM_182","Kelly_PMNM_plate2.txt",26.80963,0,0.4173344222563,NA,2,0,1,FALSE,1,NA,"C","C"
"154","PMNM",183,"PMNM_183","Kelly_PMNM_plate3.txt",23.51458,0,0.276973726190771,NA,2,0,1,FALSE,1,NA,"C","C"
"202","PMNM",184,"PMNM_184","Kelly_PMNM_plate4.txt",24.77388,0,0.0663973267534153,NA,2,0,1,FALSE,1,NA,"C","C"
"241","PMNM",185,"PMNM_185","Kelly_PMNM_plate5.txt",24.07443,0,0.0871155554421831,NA,2,0,1,FALSE,1,NA,"C","C"
"291","PMNM",186,"PMNM_186","Kelly_PMNM_plate6.txt",25.87773,0,0.191484516345318,NA,2,0,1,FALSE,1,NA,"C","C"
"335","PMNM",187,"PMNM_187","Kelly_PMNM_plate7.txt",24.24483,0,0.0319612265096303,NA,2,0,1,FALSE,1,NA,"C","C"
"379","PMNM",188,"PMNM_188","Kelly_PMNM_plate8.txt",25.20003,0,0.0520430590953292,NA,2,0,1,FALSE,1,NA,"C","C"
"426","PMNM",189,"PMNM_189","Kelly_PMNM_plate9.txt",29.06023,0,0.880065099864778,NA,2,0,1,FALSE,1,NA,"C","C"
"15","PMNM",190,"PMNM_190","Kelly_PMNM_plate10.txt",25.89973,0,0.75688709858208,NA,2,0,1,FALSE,1,NA,"C","C"
"80","PMNM",191,"PMNM_191","Kelly_PMNM_plate12.txt",28.56928,0,0.201596143316285,NA,2,0,1,FALSE,1,NA,"C","C"
"155","PMNM",192,"PMNM_192","Kelly_PMNM_plate3.txt",22.98058,0,0.1250871895919,NA,2,0,1,FALSE,1,NA,"C","C"
"156","PMNM",193,"PMNM_193","Kelly_PMNM_plate3.txt",22.99593,0,0.431476557880031,NA,2,0,1,FALSE,1,NA,"C","C"
"203","PMNM",194,"PMNM_194","Kelly_PMNM_plate4.txt",24.99708,0,0.133148206897428,NA,2,0,1,FALSE,1,NA,"C","C"
"242","PMNM",195,"PMNM_195","Kelly_PMNM_plate5.txt",25.99163,0,1.23998245148873,NA,2,0,1,FALSE,1,NA,"C","C"
"472","PMNM",195,"PMNM_195","Wall_PMNM_CD_plate14.txt",26.15963,0,0.635123310861756,NA,2,0,1,FALSE,1,NA,"C","C"
"292","PMNM",196,"PMNM_196","Kelly_PMNM_plate6.txt",24.69713,0,0.0388908729652599,NA,2,0,1,FALSE,1,NA,"C","C"
"336","PMNM",197,"PMNM_197","Kelly_PMNM_plate7.txt",23.88298,0,0.19820203076659,NA,2,0,1,FALSE,1,NA,"C","C"
"381","PMNM",198,"PMNM_198","Kelly_PMNM_plate8.txt",23.65438,0,0.298752615051316,NA,2,0,1,FALSE,1,NA,"C","C"
"427","PMNM",199,"PMNM_199","Kelly_PMNM_plate9.txt",23.18618,0,0.43734554416388,NA,2,0,1,FALSE,1,NA,"C","C"
"16","PMNM",200,"PMNM_200","Kelly_PMNM_plate10.txt",23.32453,0,0.0127279220613583,NA,2,0,1,FALSE,1,NA,"C","C"
"508","PMNM",201,"PMNM_201","Wall_PMNM_CD_plate15.txt",32.14308,0,0.492782715808905,NA,2,0,1,FALSE,1,NA,"C","C"
"108","PMNM",202,"PMNM_202","Kelly_PMNM_plate2.txt",24.11338,0,0.188302535829978,NA,2,0,1,FALSE,1,NA,"C","C"
"157","PMNM",203,"PMNM_203","Kelly_PMNM_plate3.txt",22.49698,0,0.0808223050896199,NA,2,0,1,FALSE,1,NA,"C","C"
"204","PMNM",204,"PMNM_204","Kelly_PMNM_plate4.txt",27.00498,0,0.288570277402231,NA,2,0,1,FALSE,1,NA,"C","C"
"205","PMNM",205,"PMNM_205","Kelly_PMNM_plate4.txt",26.88638,0,0.140643538778006,NA,2,0,1,FALSE,1,NA,"C","C"
"243","PMNM",206,"PMNM_206","Kelly_PMNM_plate5.txt",27.93278,0,0.156482730676583,NA,2,0,1,FALSE,1,NA,"C","C"
"81","PMNM",207,"PMNM_207","Kelly_PMNM_plate12.txt",26.89588,0,0.190282434817301,NA,2,0,1,FALSE,1,NA,"C","C"
"337","PMNM",208,"PMNM_208","Kelly_PMNM_plate7.txt",26.47658,0,0.658528545319032,NA,2,0,1,FALSE,1,NA,"C","C"
"382","PMNM",209,"PMNM_209","Kelly_PMNM_plate8.txt",24.62923,0,0.00721248916810356,NA,2,0,1,FALSE,1,NA,"C","C"
"476","PMNM",211,"PMNM_211","Wall_PMNM_CD_plate14.txt",33.65033,0,2.89701648252129,NA,2,0,1,FALSE,1,NA,"C","C"
"109","PMNM",212,"PMNM_212","Kelly_PMNM_plate2.txt",28.26768,0,0.176140299193568,NA,2,0,1,FALSE,1,NA,"C","C"
"158","PMNM",213,"PMNM_213","Kelly_PMNM_plate3.txt",23.50058,0,0.195656446354316,NA,2,0,1,FALSE,1,NA,"C","C"
"206","PMNM",214,"PMNM_214","Kelly_PMNM_plate4.txt",25.13048,0,0.0522551911296872,NA,2,0,1,FALSE,1,NA,"C","C"
"207","PMNM",215,"PMNM_215","Kelly_PMNM_plate4.txt",27.69248,0,0.245861027818562,NA,2,0,1,FALSE,1,NA,"C","C"
"294","PMNM",216,"PMNM_216","Kelly_PMNM_plate6.txt",25.06918,0,0.209940003334287,NA,2,0,1,FALSE,1,NA,"C","C"
"295","PMNM",217,"PMNM_217","Kelly_PMNM_plate6.txt",27.81223,0,0.0811758584802149,NA,2,0,1,FALSE,1,NA,"C","C"
"338","PMNM",218,"PMNM_218","Kelly_PMNM_plate7.txt",24.70868,0,0.279943574671755,NA,2,0,1,FALSE,1,NA,"C","C"
"383","PMNM",219,"PMNM_219","Kelly_PMNM_plate8.txt",32.20418,0,0.533087802336539,NA,2,0,1,FALSE,1,NA,"C","C"
"429","PMNM",220,"PMNM_220","Kelly_PMNM_plate9.txt",24.20708,0,0.0654073772597564,NA,2,0,1,FALSE,1,NA,"C","C"
"477","PMNM",220,"PMNM_220","Wall_PMNM_CD_plate14.txt",25.66693,0,0.241547676453327,NA,2,0,1,FALSE,1,NA,"C","C"
"111","PMNM",222,"PMNM_222","Kelly_PMNM_plate2.txt",26.91288,0,0.674084894505137,NA,2,0,1,FALSE,1,NA,"C","C"
"159","PMNM",223,"PMNM_223","Kelly_PMNM_plate3.txt",22.71808,0,0.279519310603044,NA,2,0,1,FALSE,1,NA,"C","C"
"208","PMNM",224,"PMNM_224","Kelly_PMNM_plate4.txt",25.62553,0,0.292035100630044,NA,2,0,1,FALSE,1,NA,"C","C"
"244","PMNM",225,"PMNM_225","Kelly_PMNM_plate5.txt",25.01943,0,0.669205857714949,NA,2,0,1,FALSE,1,NA,"C","C"
"296","PMNM",226,"PMNM_226","Kelly_PMNM_plate6.txt",27.33093,0,0.111157186002525,NA,2,0,1,FALSE,1,NA,"C","C"
"339","PMNM",227,"PMNM_227","Kelly_PMNM_plate7.txt",25.99948,0,0.0335875721063606,NA,2,0,1,FALSE,1,NA,"C","C"
"340","PMNM",228,"PMNM_228","Kelly_PMNM_plate7.txt",26.51273,0,2.94693822127306,NA,2,0,1,FALSE,1,NA,"C","C"
"478","PMNM",228,"PMNM_228","Wall_PMNM_CD_plate14.txt",25.48368,0,0.682570175879374,NA,2,0,1,FALSE,1,NA,"C","C"
"384","PMNM",229,"PMNM_229","Kelly_PMNM_plate8.txt",23.22443,0,0.13307749621931,NA,2,0,1,FALSE,1,NA,"C","C"
"430","PMNM",230,"PMNM_230","Kelly_PMNM_plate9.txt",24.15473,0,0.224294270992375,NA,2,0,1,FALSE,1,NA,"C","C"
"18","PMNM",231,"PMNM_231","Kelly_PMNM_plate10.txt",23.55273,0,0.411253303938095,NA,2,0,1,FALSE,1,NA,"C","C"
"113","PMNM",232,"PMNM_232","Kelly_PMNM_plate2.txt",25.82603,0,0.279024335856212,NA,2,0,1,FALSE,1,NA,"C","C"
"161","PMNM",233,"PMNM_233","Kelly_PMNM_plate3.txt",22.33173,0,0.159523289835685,NA,2,0,1,FALSE,1,NA,"C","C"
"209","PMNM",234,"PMNM_234","Kelly_PMNM_plate4.txt",24.89183,0,0.591424111784427,NA,2,0,1,FALSE,1,NA,"C","C"
"245","PMNM",235,"PMNM_235","Kelly_PMNM_plate5.txt",26.67013,0,0.196292842457385,NA,2,0,1,FALSE,1,NA,"C","C"
"297","PMNM",236,"PMNM_236","Kelly_PMNM_plate6.txt",24.52893,0,0.42426406871193,NA,2,0,1,FALSE,1,NA,"C","C"
"341","PMNM",237,"PMNM_237","Kelly_PMNM_plate7.txt",22.58993,0,0.0335168614282446,NA,2,0,1,FALSE,1,NA,"C","C"
"385","PMNM",238,"PMNM_238","Kelly_PMNM_plate8.txt",23.21383,0,0.675569818745628,NA,2,0,1,FALSE,1,NA,"C","C"
"386","PMNM",239,"PMNM_239","Kelly_PMNM_plate8.txt",22.63868,0,0.0207182286887678,NA,2,0,1,FALSE,1,NA,"C","C"
"431","PMNM",240,"PMNM_240","Kelly_PMNM_plate9.txt",22.76308,0,0.0341532575313085,NA,2,0,1,FALSE,1,NA,"C","C"
"479","PMNM",240,"PMNM_240","Wall_PMNM_CD_plate14.txt",24.12328,0,0.119430335342408,NA,2,0,1,FALSE,1,NA,"C","C"
"480","PMNM",241,"PMNM_241","Wall_PMNM_CD_plate14.txt",23.89803,0,0.0913581961293,NA,2,0,1,FALSE,1,NA,"C","C"
"114","PMNM",242,"PMNM_242","Kelly_PMNM_plate2.txt",24.16548,0,0.122683026535864,NA,2,0,1,FALSE,1,NA,"C","C"
"163","PMNM",243,"PMNM_243","Kelly_PMNM_plate3.txt",22.95343,0,0.142694148443447,NA,2,0,1,FALSE,1,NA,"C","C"
"210","PMNM",244,"PMNM_244","Kelly_PMNM_plate4.txt",25.26063,0,0.168149992566161,NA,2,0,1,FALSE,1,NA,"C","C"
"246","PMNM",245,"PMNM_245","Kelly_PMNM_plate5.txt",23.37458,0,0.284469058071348,NA,2,0,1,FALSE,1,NA,"C","C"
"298","PMNM",246,"PMNM_246","Kelly_PMNM_plate6.txt",26.07328,0,0.313319014743758,NA,2,0,1,FALSE,1,NA,"C","C"
"342","PMNM",247,"PMNM_247","Kelly_PMNM_plate7.txt",24.54178,0,0.327319729011251,NA,2,0,1,FALSE,1,NA,"C","C"
"387","PMNM",248,"PMNM_248","Kelly_PMNM_plate8.txt",25.11303,0,0.00593969696196823,NA,2,0,1,FALSE,1,NA,"C","C"
"432","PMNM",249,"PMNM_249","Kelly_PMNM_plate9.txt",23.37013,0,0.00791959594928846,NA,2,0,1,FALSE,1,NA,"C","C"
"433","PMNM",250,"PMNM_250","Kelly_PMNM_plate9.txt",24.92503,0,0.0523259018078032,NA,2,0,1,FALSE,1,NA,"C","C"
"83","PMNM",251,"PMNM_251","Kelly_PMNM_plate12.txt",22.55928,0,0.125935717729325,NA,2,0,1,FALSE,1,NA,"C","C"
"481","PMNM",251,"PMNM_251","Wall_PMNM_CD_plate14.txt",22.65578,0,0.353906943983866,NA,2,0,1,FALSE,1,NA,"C","C"
"115","PMNM",252,"PMNM_252","Kelly_PMNM_plate2.txt",25.96328,0,0.368049079607599,NA,2,0,1,FALSE,1,NA,"C","C"
"164","PMNM",253,"PMNM_253","Kelly_PMNM_plate3.txt",28.66898,0,0.313884700168708,NA,2,0,1,FALSE,1,NA,"C","C"
"212","PMNM",254,"PMNM_254","Kelly_PMNM_plate4.txt",24.12908,0,0.568725984108339,NA,2,0,1,FALSE,1,NA,"C","C"
"247","PMNM",255,"PMNM_255","Kelly_PMNM_plate5.txt",24.52653,0,0.00636396103067917,NA,2,0,1,FALSE,1,NA,"C","C"
"299","PMNM",256,"PMNM_256","Kelly_PMNM_plate6.txt",25.12888,0,0.280084996027989,NA,2,0,1,FALSE,1,NA,"C","C"
"343","PMNM",257,"PMNM_257","Kelly_PMNM_plate7.txt",22.20843,0,0.0950351513914716,NA,2,0,1,FALSE,1,NA,"C","C"
"388","PMNM",258,"PMNM_258","Kelly_PMNM_plate8.txt",23.42368,0,0.131309729266342,NA,2,0,1,FALSE,1,NA,"C","C"
"434","PMNM",259,"PMNM_259","Kelly_PMNM_plate9.txt",24.17728,0,0.178403040893365,NA,2,0,1,FALSE,1,NA,"C","C"
"435","PMNM",260,"PMNM_260","Kelly_PMNM_plate9.txt",22.95403,0,0.117945411101918,NA,2,0,1,FALSE,1,NA,"C","C"
"116","PMNM",261,"PMNM_261","Kelly_PMNM_plate2.txt",28.07983,0,0.21071782079359,NA,2,0,1,FALSE,1,NA,"C","C"
"117","PMNM",262,"PMNM_262","Kelly_PMNM_plate2.txt",34.06618,0,0.527430948087045,NA,2,0,1,FALSE,1,NA,"C","C"
"165","PMNM",263,"PMNM_263","Kelly_PMNM_plate3.txt",22.78243,0,0.0858427632360478,NA,2,0,1,FALSE,1,NA,"C","C"
"213","PMNM",264,"PMNM_264","Kelly_PMNM_plate4.txt",25.39178,0,0.0860548952704032,NA,2,0,1,FALSE,1,NA,"C","C"
"248","PMNM",265,"PMNM_265","Kelly_PMNM_plate5.txt",23.46518,0,0.000919238815542882,NA,2,0,1,FALSE,1,NA,"C","C"
"344","PMNM",267,"PMNM_267","Kelly_PMNM_plate7.txt",23.64748,0,0.133855313678613,NA,2,0,1,FALSE,1,NA,"C","C"
"389","PMNM",268,"PMNM_268","Kelly_PMNM_plate8.txt",22.77153,0,0.0190918830920375,NA,2,0,1,FALSE,1,NA,"C","C"
"118","PMNM",271,"PMNM_271","Kelly_PMNM_plate2.txt",26.54438,0,0.591919086531259,NA,2,0,1,FALSE,1,NA,"C","C"
"482","PMNM",271,"PMNM_271","Wall_PMNM_CD_plate14.txt",28.02533,0,0.577989082941886,NA,2,0,1,FALSE,1,NA,"C","C"
"20","PMNM",272,"PMNM_272","Kelly_PMNM_plate10.txt",24.99373,0,0.102813325984526,NA,2,0,1,FALSE,1,NA,"C","C"
"166","PMNM",273,"PMNM_273","Kelly_PMNM_plate3.txt",27.59663,0,0.295146370467265,NA,2,0,1,FALSE,1,NA,"C","C"
"214","PMNM",274,"PMNM_274","Kelly_PMNM_plate4.txt",26.87883,0,0.436991990773285,NA,2,0,1,FALSE,1,NA,"C","C"
"249","PMNM",275,"PMNM_275","Kelly_PMNM_plate5.txt",25.42303,0,0.307025764391199,NA,2,0,1,FALSE,1,NA,"C","C"
"301","PMNM",276,"PMNM_276","Kelly_PMNM_plate6.txt",25.81433,0,0.358078873992867,NA,2,0,1,FALSE,1,NA,"C","C"
"346","PMNM",277,"PMNM_277","Kelly_PMNM_plate7.txt",24.79678,0,0.099631345469186,NA,2,0,1,FALSE,1,NA,"C","C"
"390","PMNM",278,"PMNM_278","Kelly_PMNM_plate8.txt",24.67903,0,0.434163563648541,NA,2,0,1,FALSE,1,NA,"C","C"
"436","PMNM",279,"PMNM_279","Kelly_PMNM_plate9.txt",24.10168,0,0.0714884955779592,NA,2,0,1,FALSE,1,NA,"C","C"
"22","PMNM",280,"PMNM_280","Kelly_PMNM_plate10.txt",23.73423,0,0.212980562493387,NA,2,0,1,FALSE,1,NA,"C","C"
"120","PMNM",281,"PMNM_281","Kelly_PMNM_plate2.txt",23.86338,0,0.260286006154767,NA,2,0,1,FALSE,1,NA,"C","C"
"167","PMNM",282,"PMNM_282","Kelly_PMNM_plate3.txt",29.27053,0,0.264033672095057,NA,2,0,1,FALSE,1,NA,"C","C"
"168","PMNM",283,"PMNM_283","Kelly_PMNM_plate3.txt",25.26703,0,0.437416254841999,NA,2,0,1,FALSE,1,NA,"C","C"
"215","PMNM",284,"PMNM_284","Kelly_PMNM_plate4.txt",28.69888,0,0.235395847457003,NA,2,0,1,FALSE,1,NA,"C","C"
"250","PMNM",285,"PMNM_285","Kelly_PMNM_plate5.txt",26.68218,0,0.0669630121783683,NA,2,0,1,FALSE,1,NA,"C","C"
"302","PMNM",286,"PMNM_286","Kelly_PMNM_plate6.txt",26.14693,0,0.193747258045115,NA,2,0,1,FALSE,1,NA,"C","C"
"348","PMNM",287,"PMNM_287","Kelly_PMNM_plate7.txt",24.21563,0,0.574170706323477,NA,2,0,1,FALSE,1,NA,"C","C"
"391","PMNM",288,"PMNM_288","Kelly_PMNM_plate8.txt",23.83778,0,0.0720541810029096,NA,2,0,1,FALSE,1,NA,"C","C"
"437","PMNM",289,"PMNM_289","Kelly_PMNM_plate9.txt",24.35648,0,0.128764144854072,NA,2,0,1,FALSE,1,NA,"C","C"
"23","PMNM",290,"PMNM_290","Kelly_PMNM_plate10.txt",24.61288,0,0.348957196515562,NA,2,0,1,FALSE,1,NA,"C","C"
"121","PMNM",291,"PMNM_291","Kelly_PMNM_plate2.txt",25.56153,0,0.241406255097087,NA,2,0,1,FALSE,1,NA,"C","C"
"169","PMNM",292,"PMNM_292","Kelly_PMNM_plate3.txt",23.37358,0,0.0204353859762913,NA,2,0,1,FALSE,1,NA,"C","C"
"170","PMNM",293,"PMNM_293","Kelly_PMNM_plate3.txt",33.07368,0,2.29335942342233,NA,2,0,1,FALSE,1,NA,"C","C"
"216","PMNM",294,"PMNM_294","Kelly_PMNM_plate4.txt",24.72508,0,0.157472680170244,NA,2,0,1,FALSE,1,NA,"C","C"
"251","PMNM",295,"PMNM_295","Kelly_PMNM_plate5.txt",25.16428,0,0.0287792459942932,NA,2,0,1,FALSE,1,NA,"C","C"
"303","PMNM",296,"PMNM_296","Kelly_PMNM_plate6.txt",28.18308,0,0.398596092554857,NA,2,0,1,FALSE,1,NA,"C","C"
"349","PMNM",297,"PMNM_297","Kelly_PMNM_plate7.txt",34.36203,0,1.97989898732233,NA,2,0,1,FALSE,1,NA,"C","C"
"438","PMNM",299,"PMNM_299","Kelly_PMNM_plate9.txt",25.19698,0,0.15718983745777,NA,2,0,1,FALSE,1,NA,"C","C"
"24","PMNM",300,"PMNM_300","Kelly_PMNM_plate10.txt",23.76328,0,0.312187643893862,NA,2,0,1,FALSE,1,NA,"C","C"
"486","PMNM",301,"PMNM_301","Wall_PMNM_CD_plate14.txt",34.61623,0,0.264740778876244,NA,2,0,1,FALSE,1,NA,"C","C"
"122","PMNM",302,"PMNM_302","Kelly_PMNM_plate2.txt",29.40878,0,0.0637103209849077,NA,2,0,1,FALSE,1,NA,"C","C"
"25","PMNM",303,"PMNM_303","Kelly_PMNM_plate10.txt",24.85628,0,0.0900146932450462,NA,2,0,1,FALSE,1,NA,"C","C"
"171","PMNM",303,"PMNM_303","Kelly_PMNM_plate3.txt",24.40333,0,0.183140656327316,NA,2,0,1,FALSE,1,NA,"C","C"
"55","PMNM",304,"PMNM_304","Kelly_PMNM_plate11.txt",24.93058,0,0.233133105757207,NA,2,0,1,FALSE,1,NA,"C","C"
"252","PMNM",305,"PMNM_305","Kelly_PMNM_plate5.txt",25.97193,0,0.177483802077824,NA,2,0,1,FALSE,1,NA,"C","C"
"253","PMNM",306,"PMNM_306","Kelly_PMNM_plate5.txt",26.24273,0,0.0705692567624188,NA,2,0,1,FALSE,1,NA,"C","C"
"304","PMNM",307,"PMNM_307","Kelly_PMNM_plate6.txt",29.71848,0,0.137249426228306,NA,2,0,1,FALSE,1,NA,"C","C"
"350","PMNM",308,"PMNM_308","Kelly_PMNM_plate7.txt",28.03883,0,0.235183715422648,NA,2,0,1,FALSE,1,NA,"C","C"
"394","PMNM",309,"PMNM_309","Kelly_PMNM_plate8.txt",28.20043,0,0.189504617357993,NA,2,0,1,FALSE,1,NA,"C","C"
"440","PMNM",310,"PMNM_310","Kelly_PMNM_plate9.txt",24.23448,0,0.14615897167126,NA,2,0,1,FALSE,1,NA,"C","C"
"28","PMNM",311,"PMNM_311","Kelly_PMNM_plate10.txt",25.13088,0,0.0239709198822234,NA,2,0,1,FALSE,1,NA,"C","C"
"86","PMNM",311,"PMNM_311","Kelly_PMNM_plate12.txt",26.66543,0,0.0356381817718018,NA,2,0,1,FALSE,1,NA,"C","C"
"125","PMNM",312,"PMNM_312","Kelly_PMNM_plate2.txt",31.40348,0,0.222667925395645,NA,2,0,1,FALSE,1,NA,"C","C"
"172","PMNM",313,"PMNM_313","Kelly_PMNM_plate3.txt",23.39913,0,0.145805418280665,NA,2,0,1,FALSE,1,NA,"C","C"
"29","PMNM",314,"PMNM_314","Kelly_PMNM_plate10.txt",25.63723,0,0.176352431227926,NA,2,0,1,FALSE,1,NA,"C","C"
"56","PMNM",314,"PMNM_314","Kelly_PMNM_plate11.txt",24.29773,0,0.254558441227157,NA,2,0,1,FALSE,1,NA,"C","C"
"218","PMNM",314,"PMNM_314","Kelly_PMNM_plate4.txt",26.93738,31.3742,0.509046171776195,NA,2,1,1,FALSE,1,NA,"C","C"
"254","PMNM",315,"PMNM_315","Kelly_PMNM_plate5.txt",25.38788,0,0.0591848375853143,NA,2,0,1,FALSE,1,NA,"C","C"
"305","PMNM",316,"PMNM_316","Kelly_PMNM_plate6.txt",25.40443,0,0.239850620178478,NA,2,0,1,FALSE,1,NA,"C","C"
"30","PMNM",317,"PMNM_317","Kelly_PMNM_plate10.txt",27.52308,0,0.191696648379673,NA,2,0,1,FALSE,1,NA,"C","C"
"57","PMNM",317,"PMNM_317","Kelly_PMNM_plate11.txt",26.73068,0,0.281074945521653,NA,2,0,1,FALSE,1,NA,"C","C"
"306","PMNM",317,"PMNM_317","Kelly_PMNM_plate6.txt",30.22413,0,1.07140819485386,NA,2,0,1,FALSE,1,NA,"C","C"
"351","PMNM",318,"PMNM_318","Kelly_PMNM_plate7.txt",24.48183,0,0.247063109346582,NA,2,0,1,FALSE,1,NA,"C","C"
"31","PMNM",319,"PMNM_319","Kelly_PMNM_plate10.txt",25.44723,0,0.221607265223863,NA,2,0,1,FALSE,1,NA,"C","C"
"58","PMNM",319,"PMNM_319","Kelly_PMNM_plate11.txt",22.94693,0,0.27761012229384,NA,2,0,1,FALSE,1,NA,"C","C"
"395","PMNM",319,"PMNM_319","Kelly_PMNM_plate8.txt",24.78138,0,0.149270241508481,NA,2,1,1,FALSE,1,NA,"C","C"
"441","PMNM",320,"PMNM_320","Kelly_PMNM_plate9.txt",24.46548,0,0.126218560441798,NA,2,0,1,FALSE,1,NA,"C","C"
"33","PMNM",321,"PMNM_321","Kelly_PMNM_plate10.txt",26.48493,0,0.232072445585427,NA,2,0,1,FALSE,1,NA,"C","C"
"128","PMNM",322,"PMNM_322","Kelly_PMNM_plate2.txt",25.54228,0,0.298752615051316,NA,2,0,1,FALSE,1,NA,"C","C"
"173","PMNM",323,"PMNM_323","Kelly_PMNM_plate3.txt",25.46573,0,0.0506288455329569,NA,2,0,1,FALSE,1,NA,"C","C"
"255","PMNM",324,"PMNM_324","Kelly_PMNM_plate5.txt",27.47693,0,0.156270598642227,NA,2,0,1,FALSE,1,NA,"C","C"
"256","PMNM",325,"PMNM_325","Kelly_PMNM_plate5.txt",30.34663,0,0.0326683332908177,NA,2,0,1,FALSE,1,NA,"C","C"
"59","PMNM",326,"PMNM_326","Kelly_PMNM_plate11.txt",27.48083,0,0.146795367774329,NA,2,0,1,FALSE,1,NA,"C","C"
"352","PMNM",327,"PMNM_327","Kelly_PMNM_plate7.txt",28.11838,0,0.841527780290111,NA,2,0,1,FALSE,1,NA,"C","C"
"396","PMNM",328,"PMNM_328","Kelly_PMNM_plate8.txt",30.64493,0,0.0963079435976044,NA,2,0,1,FALSE,1,NA,"C","C"
"397","PMNM",329,"PMNM_329","Kelly_PMNM_plate8.txt",34.53158,0,1.75935238227025,NA,2,0,1,FALSE,1,NA,"C","C"
"442","PMNM",330,"PMNM_330","Kelly_PMNM_plate9.txt",25.76158,0,0.266791388541683,NA,2,0,1,FALSE,1,NA,"C","C"
"35","PMNM",331,"PMNM_331","Kelly_PMNM_plate10.txt",25.25648,0,0.0478711290863282,NA,2,0,1,FALSE,1,NA,"C","C"
"129","PMNM",331,"PMNM_331","Kelly_PMNM_plate2.txt",37.16498,0,0.365927759264037,NA,2,0,1,FALSE,1,NA,"C","C"
"130","PMNM",332,"PMNM_332","Kelly_PMNM_plate2.txt",26.80408,0,0.513571655175791,NA,2,0,1,FALSE,1,NA,"C","C"
"4","PMNM",333,"PMNM_333","Kelly_PMNM_333.txt",23.06913,39.933,0.00183847763108576,NA,2,1,1,FALSE,1,NA,"C","C"
"488","PMNM",333,"PMNM_333","Wall_PMNM_CD_plate14.txt",25.46873,0,0.570352329705069,NA,2,0,1,FALSE,1,NA,"C","C"
"257","PMNM",334,"PMNM_334","Kelly_PMNM_plate5.txt",30.13703,0,0.26657925650733,NA,2,0,1,FALSE,1,NA,"C","C"
"258","PMNM",335,"PMNM_335","Kelly_PMNM_plate5.txt",28.30993,0,0.00014142135623698,NA,2,0,1,FALSE,1,NA,"C","C"
"36","PMNM",336,"PMNM_336","Kelly_PMNM_plate10.txt",26.71963,0,0.502328657354923,NA,2,0,1,FALSE,1,NA,"C","C"
"353","PMNM",337,"PMNM_337","Kelly_PMNM_plate7.txt",30.78438,0,1.18546451865925,NA,2,0,1,FALSE,1,NA,"C","C"
"489","PMNM",337,"PMNM_337","Wall_PMNM_CD_plate14.txt",29.21548,0,0.327319729011251,NA,2,0,1,FALSE,1,NA,"C","C"
"398","PMNM",338,"PMNM_338","Kelly_PMNM_plate8.txt",28.02118,0,0.707743177289614,NA,2,0,1,FALSE,1,NA,"C","C"
"399","PMNM",339,"PMNM_339","Kelly_PMNM_plate8.txt",30.30888,0,0.506924851432638,NA,2,0,1,FALSE,1,NA,"C","C"
"490","PMNM",341,"PMNM_341","Wall_PMNM_CD_plate14.txt",33.59678,0,1.27696413614479,NA,2,0,1,FALSE,1,NA,"C","C"
"131","PMNM",342,"PMNM_342","Kelly_PMNM_plate2.txt",28.45833,0,0.0763675323681475,NA,2,0,1,FALSE,1,NA,"C","C"
"37","PMNM",343,"PMNM_343","Kelly_PMNM_plate10.txt",33.12323,0,4.72078629255762,NA,2,0,1,FALSE,1,NA,"C","C"
"61","PMNM",343,"PMNM_343","Kelly_PMNM_plate11.txt",28.32448,0,0.135693791309699,NA,2,0,1,FALSE,1,NA,"C","C"
"176","PMNM",343,"PMNM_343","Kelly_PMNM_plate3.txt",28.71033,0,0.460326514552442,NA,2,0,1,FALSE,1,NA,"C","C"
"259","PMNM",344,"PMNM_344","Kelly_PMNM_plate5.txt",26.49643,0,0.361472986542562,NA,2,0,1,FALSE,1,NA,"C","C"
"260","PMNM",345,"PMNM_345","Kelly_PMNM_plate5.txt",36.11973,0,0.214394776055759,NA,2,0,1,FALSE,1,NA,"C","C"
"309","PMNM",346,"PMNM_346","Kelly_PMNM_plate6.txt",29.65808,0,0.559816438665391,NA,2,0,1,FALSE,1,NA,"C","C"
"354","PMNM",347,"PMNM_347","Kelly_PMNM_plate7.txt",26.98618,0,0.158462629663905,NA,2,0,1,FALSE,1,NA,"C","C"
"400","PMNM",348,"PMNM_348","Kelly_PMNM_plate8.txt",30.12233,0,0.11992531008924,NA,2,0,1,FALSE,1,NA,"C","C"
"443","PMNM",349,"PMNM_349","Kelly_PMNM_plate9.txt",27.18488,0,0.103732564800066,NA,2,0,1,FALSE,1,NA,"C","C"
"444","PMNM",350,"PMNM_350","Kelly_PMNM_plate9.txt",24.91948,0,0.308793531344164,NA,2,0,1,FALSE,1,NA,"C","C"
"38","PMNM",351,"PMNM_351","Kelly_PMNM_plate10.txt",27.33098,0,0.149270241508479,NA,2,0,1,FALSE,1,NA,"C","C"
"133","PMNM",352,"PMNM_352","Kelly_PMNM_plate2.txt",24.65408,0,0.0929845417260303,NA,2,0,1,FALSE,1,NA,"C","C"
"62","PMNM",353,"PMNM_353","Kelly_PMNM_plate11.txt",24.54613,0,0.165462986797653,NA,2,0,1,FALSE,1,NA,"C","C"
"177","PMNM",353,"PMNM_353","Kelly_PMNM_plate3.txt",28.16663,0,4.70819979185251,NA,2,1,1,FALSE,1,NA,"C","C"
"261","PMNM",354,"PMNM_354","Kelly_PMNM_plate5.txt",29.56558,0,0.715804194595144,NA,2,0,1,FALSE,1,NA,"C","C"
"262","PMNM",355,"PMNM_355","Kelly_PMNM_plate5.txt",25.73473,0,0.00014142135623698,NA,2,0,1,FALSE,1,NA,"C","C"
"63","PMNM",356,"PMNM_356","Kelly_PMNM_plate11.txt",26.42433,0,0.405172185619892,NA,2,0,1,FALSE,1,NA,"C","C"
"310","PMNM",356,"PMNM_356","Kelly_PMNM_plate6.txt",36.04773,0,0.402060915782668,NA,2,0,1,FALSE,1,NA,"C","C"
"355","PMNM",357,"PMNM_357","Kelly_PMNM_plate7.txt",24.09033,0,0.0412950360212936,NA,2,0,1,FALSE,1,NA,"C","C"
"401","PMNM",358,"PMNM_358","Kelly_PMNM_plate8.txt",27.12443,0,1.7807777177402,NA,2,0,1,FALSE,1,NA,"C","C"
"492","PMNM",358,"PMNM_358","Wall_PMNM_CD_plate14.txt",27.79788,0,0.273721034997313,NA,2,0,1,FALSE,1,NA,"C","C"
"445","PMNM",359,"PMNM_359","Kelly_PMNM_plate9.txt",26.29148,0,0.0358503138061573,NA,2,0,1,FALSE,1,NA,"C","C"
"446","PMNM",360,"PMNM_360","Kelly_PMNM_plate9.txt",27.52953,0,4.03008438869461,NA,2,0,1,FALSE,1,NA,"C","C"
"493","PMNM",360,"PMNM_360","Wall_PMNM_CD_plate14.txt",27.05913,0,0.0354967604155649,NA,2,0,1,FALSE,1,NA,"C","C"
"39","PMNM",361,"PMNM_361","Kelly_PMNM_plate10.txt",32.94253,30.01625,0.197989898732234,0.194807918216895,2,2,0.0119593963477771,FALSE,0.0118180594902713,0.988181940509729,"DC","D"
"64","PMNM",361,"PMNM_361","Kelly_PMNM_plate11.txt",36.05208,0,1.5336438977155,NA,2,1,1,FALSE,1,NA,"C","C"
"88","PMNM",361,"PMNM_361","Kelly_PMNM_plate12.txt",33.27108,31.33155,0.343866027691018,0.107975205487188,2,2,0.0237001234045919,FALSE,0.0231514316182465,0.976848568381753,"DC","D"
"40","PMNM",362,"PMNM_362","Kelly_PMNM_plate10.txt",32.61848,31.7672,0.521491251125077,0.204778123831624,2,2,0.0503902485051557,FALSE,0.0479728830088319,0.952027116991168,"DC","D"
"65","PMNM",362,"PMNM_362","Kelly_PMNM_plate11.txt",34.47568,32.0501,1.94786705013458,NA,2,1,1,FALSE,1,NA,"C","C"
"89","PMNM",362,"PMNM_362","Kelly_PMNM_plate12.txt",34.71613,33.95785,0.0439820417898063,0.402980154598216,2,2,0.0537455225481782,FALSE,0.051004271333187,0.948995728666813,"DC","D"
"135","PMNM",362,"PMNM_362","Kelly_PMNM_plate2.txt",0,38.76365,NA,0.672529259586523,0,2,0,FALSE,NA,1,"D","D"
"514","PMNM",362,"PMNM_362","Wall_PMNM_CD_plate15.txt",34.95658,0,0.564341922064982,NA,2,0,1,FALSE,1,NA,"C","C"
"178","PMNM",363,"PMNM_363","Kelly_PMNM_plate3.txt",27.09173,0,1.10393510678844,NA,2,0,1,FALSE,1,NA,"C","C"
"494","PMNM",363,"PMNM_363","Wall_PMNM_CD_plate14.txt",28.43588,0,1.35743288784382,NA,2,0,1,FALSE,1,NA,"C","C"
"263","PMNM",364,"PMNM_364","Kelly_PMNM_plate5.txt",26.06003,0,0.430345187030132,NA,2,0,1,FALSE,1,NA,"C","C"
"66","PMNM",365,"PMNM_365","Kelly_PMNM_plate11.txt",22.99453,0,0.0598212336883807,NA,2,0,1,FALSE,1,NA,"C","C"
"264","PMNM",365,"PMNM_365","Kelly_PMNM_plate5.txt",26.25268,0,0.0951058620695901,NA,2,1,1,FALSE,1,NA,"C","C"
"312","PMNM",366,"PMNM_366","Kelly_PMNM_plate6.txt",34.11533,0,1.87849987490018,NA,2,0,1,FALSE,1,NA,"C","C"
"495","PMNM",366,"PMNM_366","Wall_PMNM_CD_plate14.txt",28.9386633333333,0,5.04252207266695,NA,3,0,1,FALSE,1,NA,"C","C"
"356","PMNM",367,"PMNM_367","Kelly_PMNM_plate7.txt",26.22838,0,0.0656902199722304,NA,2,0,1,FALSE,1,NA,"C","C"
"402","PMNM",368,"PMNM_368","Kelly_PMNM_plate8.txt",26.02868,0,0.163270955775975,NA,2,0,1,FALSE,1,NA,"C","C"
"447","PMNM",369,"PMNM_369","Kelly_PMNM_plate9.txt",29.34723,0,0.386928830665279,NA,2,0,1,FALSE,1,NA,"C","C"
"41","PMNM",370,"PMNM_370","Kelly_PMNM_plate10.txt",29.91948,0,0.131875414691293,NA,2,0,1,FALSE,1,NA,"C","C"
"136","PMNM",371,"PMNM_371","Kelly_PMNM_plate2.txt",29.34913,0,0.0873983981546596,NA,2,0,1,FALSE,1,NA,"C","C"
"137","PMNM",372,"PMNM_372","Kelly_PMNM_plate2.txt",32.66653,0,1.14876567671567,NA,2,0,1,FALSE,1,NA,"C","C"
"496","PMNM",372,"PMNM_372","Wall_PMNM_CD_plate14.txt",34.64288,0,1.58639406359202,NA,2,0,1,FALSE,1,NA,"C","C"
"221","PMNM",373,"PMNM_373","Kelly_PMNM_plate4.txt",30.46438,0,0.549209836947595,NA,2,0,1,FALSE,1,NA,"C","C"
"265","PMNM",374,"PMNM_374","Kelly_PMNM_plate5.txt",27.30468,0,0.0632860569161967,NA,2,0,1,FALSE,1,NA,"C","C"
"266","PMNM",375,"PMNM_375","Kelly_PMNM_plate5.txt",32.54413,0,0.630880670174634,NA,2,1,1,FALSE,1,NA,"C","C"
"313","PMNM",376,"PMNM_376","Kelly_PMNM_plate6.txt",29.30373,0,0.579261875148019,NA,2,0,1,FALSE,1,NA,"C","C"
"358","PMNM",377,"PMNM_377","Kelly_PMNM_plate7.txt",26.65608,0,0.995959901301252,NA,2,0,1,FALSE,1,NA,"C","C"
"403","PMNM",378,"PMNM_378","Kelly_PMNM_plate8.txt",37.37203,0,0.0960251008851304,NA,2,0,1,FALSE,1,NA,"C","C"
"448","PMNM",379,"PMNM_379","Kelly_PMNM_plate9.txt",31.06978,0,0.628688639152959,NA,2,0,1,FALSE,1,NA,"C","C"
"138","PMNM",381,"PMNM_381","Kelly_PMNM_plate2.txt",25.53793,0,0.142694148443444,NA,2,0,1,FALSE,1,NA,"C","C"
"179","PMNM",382,"PMNM_382","Kelly_PMNM_plate3.txt",27.28103,0,0.268700576850887,NA,2,0,1,FALSE,1,NA,"C","C"
"42","PMNM",383,"PMNM_383","Kelly_PMNM_plate10.txt",25.21608,0,0.146724657096208,NA,2,0,1,FALSE,1,NA,"C","C"
"267","PMNM",384,"PMNM_384","Kelly_PMNM_plate5.txt",28.46453,0,0.0485075251893972,NA,2,0,1,FALSE,1,NA,"C","C"
"67","PMNM",385,"PMNM_385","Kelly_PMNM_plate11.txt",22.83843,0,0.36218009332375,NA,2,0,1,FALSE,1,NA,"C","C"
"268","PMNM",385,"PMNM_385","Kelly_PMNM_plate5.txt",25.48788,0,0.269195551597719,NA,2,0,1,FALSE,1,NA,"C","C"
"314","PMNM",386,"PMNM_386","Kelly_PMNM_plate6.txt",28.92483,29.312,0.30957134880347,1.72746186643874,2,2,0.118893222463282,FALSE,0.106259668104463,0.893740331895537,"DC","D"
"497","PMNM",386,"PMNM_386","Wall_PMNM_CD_plate14.txt",28.43568,0,0.0758725576213156,NA,2,0,1,FALSE,1,NA,"C","C"
"359","PMNM",387,"PMNM_387","Kelly_PMNM_plate7.txt",26.79783,0,0.547442069994625,NA,2,0,1,FALSE,1,NA,"C","C"
"405","PMNM",388,"PMNM_388","Kelly_PMNM_plate8.txt",25.24323,0,0.798747820028324,NA,2,0,1,FALSE,1,NA,"C","C"
"180","PMNM",392,"PMNM_392","Kelly_PMNM_plate3.txt",32.91613,34.199,1.04326534496263,NA,2,1,1,FALSE,1,NA,"C","C"
"315","PMNM",396,"PMNM_396","Kelly_PMNM_plate6.txt",33.67833,29.31365,NA,0.134138156391087,1,2,0,FALSE,NA,1,"D","D"
